{"video_id": "1", "data": [{"section": {"start": {"index": 733, "time": 29.32}, "end": {"index": 960, "time": 38.4}}, "data": [[199.5006866455078, 88.5], [438.38604736328125, 88.5], [104.868896484375, 260.08392333984375], [535.2633666992188, 259.4166564941406], [229.5, 88.5], [159.0, 260.0], [408.5, 88.5], [481.5, 259.5], [219.418701171875, 113.0240249633789], [418.950439453125, 112.97976684570312], [183.79029846191406, 199.6945037841797], [455.85223388671875, 199.42095947265625], [319.1528625488281, 113.00190734863281], [319.82269287109375, 199.5577392578125]]}], "error_sections": []}